CPF,Nome
12345678900,"John Doe"
34567890122,"Anderson Silva"
90015165869,"Ms. Camila Fadel"
19122082946,"Prof. Craig Turner III"
31283236814,"Thalia Barrows I"
77703200292,"Amir White"
08048326713,"Ms. Elvera Waters"
10491259535,"Leanne Haley"
97874525950,"Ms. Dayana Walker MD"
10818161035,"Mable Thompson"
46599976619,"Dr. Erika Hamill II"
40417618863,"Courtney Leffler Jr."
89365096142,"Dr. Abbey Ruecker Jr."
92495473054,"Elinor Herzog"
20973811001,"Elvera Blanda"
25958268501,"Claire Schowalter"
63582857844,"Dr. Roman Sporer Jr."
24940418767,"Emely Dooley"
66071597629,"Cindy Ortiz"
83615626162,"Maximo Kerluke"
13744847902,"Hayley Hand"
96181034721,"Hardy Crona"
27778494981,"Jackie Braun"
96927198874,"Jovanny Keebler"
78702942570,"Trinity Wilkinson"
32874905288,"Dr. Granville Olson IV"
43087845289,"Mrs. Kelsie Purdy PhD"
56696779578,"Demario Cassin"
84154157762,"Connor Pacocha"
11829878107,"Maggie Stroman"
36541239964,"Jaida Hessel"
92539901991,"Karolann Tremblay DVM"
27636822378,"Gus Ward"
53361130302,"Dorthy Cremin"
25201625040,"Oswald Nikolaus"
53361171537,"Wellington Morar"
05246870282,"Cierra Gottlieb II"
72558371363,"Jack Stanton"
30008520419,"Manuela Jakubowski IV"
01811110424,"Mrs. Gabrielle Heathcote"
25484693442,"Dr. Mckenzie O'Kon MD"
14020915103,"Greg Wilderman"
63011011601,"Gregorio Brekke DVM"
87829810184,"Alexandra Satterfield"
44388765821,"Dr. Shaun Bradtke"
59493283673,"Dr. Tyrel McCullough II"
54543787245,"Cielo Walsh"
45645443713,"Gladys Durgan"
24732289587,"Mr. Fredrick Gutmann I"
53152138025,"Dr. Hailey Wilderman"
01413072317,"Prof. Adrien Daugherty"
26800226269,"Javier Ziemann"
85502340440,"Dr. Leon Mayer II"
24027243375,"Prof. Raymond Ernser"
21887642661,"Mrs. Jacky O'Connell I"
